-- ----------------------------
-- 用户信息表
-- ----------------------------
drop table if exists sys_user;
create table sys_user (
  user_id           bigint(20)      not null auto_increment    comment '用户ID',
  dept_id           bigint(20)      default null               comment '部门ID',
  login_name        varchar(30)     not null                   comment '登录账号',
  email             varchar(50)     default ''                 comment '用户邮箱',
  phonenumber       varchar(11)     default ''                 comment '手机号码',
  sex               char(1)         default '0'                comment '用户性别（0男 1女 2未知）',
  password          varchar(50)     default ''                 comment '密码',
  salt              varchar(20)     default ''                 comment '盐加密',
  status            char(1)         default '0'                comment '帐号状态（0正常 1停用）',
  del_flag          char(1)         default '0'                comment '删除标志（0代表存在 2代表删除）',
  login_ip          varchar(50)     default ''                 comment '最后登陆IP',
  login_date        datetime                                   comment '最后登陆时间',
  create_by         varchar(64)     default ''                 comment '创建者',
  create_time       datetime                                   comment '创建时间',
  update_by         varchar(64)     default ''                 comment '更新者',
  update_time       datetime                                   comment '更新时间',
  remark            varchar(500)    default null               comment '备注',
  primary key (user_id)
) engine=innodb auto_increment=100 comment = '用户信息表';
-- ----------------------------
-- 初始化-用户信息表数据
-- ----------------------------
insert into sys_user values(1,  103, 'admin', 'ry@163.com', '15888888888', '1', '', '29c67a30398638269fe600f73a054934', '0', '0', '127.0.0.1', '2018-03-16 11-33-00', 'admin', '2018-03-16 11-33-00', 'ry', '2018-03-16 11-33-00', '管理员');
insert into sys_user values(2,  105, 'ry', 'ry@qq.com',  '15666666666', '1', '', '8e6d98b90472783cc73c17047ddccf36', '0', '0', '127.0.0.1', '2018-03-16 11-33-00', 'admin', '2018-03-16 11-33-00', 'ry', '2018-03-16 11-33-00', '测试员');
-- ----------------------------
-- 部门表
-- ----------------------------
drop table if exists sys_dept;
create table sys_dept (
  dept_id           bigint(20)      not null auto_increment    comment '部门id',
  parent_id         bigint(20)      default 0                  comment '父部门id',
  ancestors         varchar(50)     default ''                 comment '祖级列表',
  dept_name         varchar(30)     default ''                 comment '部门名称',
  order_num         int(4)          default 0                  comment '显示顺序',
  leader            varchar(20)     default null               comment '负责人',
  phone             varchar(11)     default null               comment '联系电话',
  email             varchar(50)     default null               comment '邮箱',
  status            char(1)         default '0'                comment '部门状态（0正常 1停用）',
  del_flag          char(1)         default '0'                comment '删除标志（0代表存在 2代表删除）',
  create_by         varchar(64)     default ''                 comment '创建者',
  create_time 	    datetime                                   comment '创建时间',
  update_by         varchar(64)     default ''                 comment '更新者',
  update_time       datetime                                   comment '更新时间',
  primary key (dept_id)
) engine=innodb auto_increment=200 comment = '部门表';

-- ----------------------------
-- 初始化-部门表数据
-- ----------------------------
insert into sys_dept values(100,  0,   '0',          '若依科技',   0, '若依', '15888888888', 'ry@qq.com', '0', '0', 'admin', '2018-03-16 11-33-00', 'ry', '2018-03-16 11-33-00');
insert into sys_dept values(101,  100, '0,100',      '深圳总公司', 1, '若依', '15888888888', 'ry@qq.com', '0', '0', 'admin', '2018-03-16 11-33-00', 'ry', '2018-03-16 11-33-00');
insert into sys_dept values(102,  100, '0,100',      '长沙分公司', 2, '若依', '15888888888', 'ry@qq.com', '0', '0', 'admin', '2018-03-16 11-33-00', 'ry', '2018-03-16 11-33-00');
insert into sys_dept values(103,  101, '0,100,101',  '研发部门',   1, '若依', '15888888888', 'ry@qq.com', '0', '0', 'admin', '2018-03-16 11-33-00', 'ry', '2018-03-16 11-33-00');
insert into sys_dept values(104,  101, '0,100,101',  '市场部门',   2, '若依', '15888888888', 'ry@qq.com', '0', '0', 'admin', '2018-03-16 11-33-00', 'ry', '2018-03-16 11-33-00');
insert into sys_dept values(105,  101, '0,100,101',  '测试部门',   3, '若依', '15888888888', 'ry@qq.com', '0', '0', 'admin', '2018-03-16 11-33-00', 'ry', '2018-03-16 11-33-00');
insert into sys_dept values(106,  101, '0,100,101',  '财务部门',   4, '若依', '15888888888', 'ry@qq.com', '0', '0', 'admin', '2018-03-16 11-33-00', 'ry', '2018-03-16 11-33-00');
insert into sys_dept values(107,  101, '0,100,101',  '运维部门',   5, '若依', '15888888888', 'ry@qq.com', '0', '0', 'admin', '2018-03-16 11-33-00', 'ry', '2018-03-16 11-33-00');
insert into sys_dept values(108,  102, '0,100,102',  '市场部门',   1, '若依', '15888888888', 'ry@qq.com', '0', '0', 'admin', '2018-03-16 11-33-00', 'ry', '2018-03-16 11-33-00');
insert into sys_dept values(109,  102, '0,100,102',  '财务部门',   2, '若依', '15888888888', 'ry@qq.com', '0', '0', 'admin', '2018-03-16 11-33-00', 'ry', '2018-03-16 11-33-00');
-- ----------------------------
-- 角色信息表
-- ----------------------------
drop table if exists sys_role;
create table sys_role (
  role_id           bigint(20)      not null auto_increment    comment '角色ID',
  role_name         varchar(30)     not null                   comment '角色名称',
  role_key          varchar(100)    not null                   comment '角色权限字符串',
  role_sort         int(4)          not null                   comment '显示顺序',
  data_scope        char(1)         default '1'                comment '数据范围（1：全部数据权限 2：自定数据权限 3：本部门数据权限 4：本部门及以下数据权限）',
  status            char(1)         not null                   comment '角色状态（0正常 1停用）',
  del_flag          char(1)         default '0'                comment '删除标志（0代表存在 2代表删除）',
  create_by         varchar(64)     default ''                 comment '创建者',
  create_time       datetime                                   comment '创建时间',
  update_by         varchar(64)     default ''                 comment '更新者',
  update_time       datetime                                   comment '更新时间',
  remark            varchar(500)    default null               comment '备注',
  primary key (role_id)
) engine=innodb auto_increment=100 comment = '角色信息表';

-- ----------------------------
-- 初始化-角色信息表数据
-- ----------------------------
insert into sys_role values('1', '管理员',   'admin',  1, 1, '0', '0', 'admin', '2018-03-16 11-33-00', 'ry', '2018-03-16 11-33-00', '管理员');
insert into sys_role values('2', '普通角色', 'common', 2, 2, '0', '0', 'admin', '2018-03-16 11-33-00', 'ry', '2018-03-16 11-33-00', '普通角色');
-- ----------------------------
-- 5、菜单权限表
-- ----------------------------
drop table if exists sys_menu;
create table sys_menu (
  menu_id           bigint(20)      not null auto_increment    comment '菜单ID',
  menu_name         varchar(50)     not null                   comment '菜单名称',
  parent_id         bigint(20)      default 0                  comment '父菜单ID',
  order_num         int(4)          default 0                  comment '显示顺序',
  url               varchar(200)    default '#'                comment '请求地址',
  target            varchar(20)     default ''                 comment '打开方式（menuItem页签 menuBlank新窗口）',
  menu_type         char(1)         default ''                 comment '菜单类型（M目录 C菜单 F按钮）',
  visible           char(1)         default 0                  comment '菜单状态（0显示 1隐藏）',
  perms             varchar(100)    default null               comment '权限标识',
  icon              varchar(100)    default '#'                comment '菜单图标',
  create_by         varchar(64)     default ''                 comment '创建者',
  create_time       datetime                                   comment '创建时间',
  update_by         varchar(64)     default ''                 comment '更新者',
  update_time       datetime                                   comment '更新时间',
  remark            varchar(500)    default ''                 comment '备注',
  primary key (menu_id)
) engine=innodb auto_increment=2000 comment = '菜单权限表';

-- ----------------------------
-- 初始化-菜单信息表数据
-- ----------------------------
-- 一级菜单
insert into sys_menu values('1', '系统管理', '0', '1', '#', '', 'M', '0', '', 'fa fa-gear',         'admin', '2018-03-16 11-33-00', 'ry', '2018-03-16 11-33-00', '系统管理目录');
insert into sys_menu values('2', '系统监控', '0', '2', '#', '', 'M', '0', '', 'fa fa-video-camera', 'admin', '2018-03-16 11-33-00', 'ry', '2018-03-16 11-33-00', '系统监控目录');
insert into sys_menu values('3', '系统工具', '0', '3', '#', '', 'M', '0', '', 'fa fa-bars',         'admin', '2018-03-16 11-33-00', 'ry', '2018-03-16 11-33-00', '系统工具目录');
-- 二级菜单
insert into sys_menu values('100',  '用户管理', '1', '1', '/system/user',          '', 'C', '0', 'system:user:view',         '#', 'admin', '2018-03-16 11-33-00', 'ry', '2018-03-16 11-33-00', '用户管理菜单');
insert into sys_menu values('101',  '角色管理', '1', '2', '/system/role',          '', 'C', '0', 'system:role:view',         '#', 'admin', '2018-03-16 11-33-00', 'ry', '2018-03-16 11-33-00', '角色管理菜单');
insert into sys_menu values('102',  '菜单管理', '1', '3', '/system/menu',          '', 'C', '0', 'system:menu:view',         '#', 'admin', '2018-03-16 11-33-00', 'ry', '2018-03-16 11-33-00', '菜单管理菜单');
insert into sys_menu values('103',  '部门管理', '1', '4', '/system/dept',          '', 'C', '0', 'system:dept:view',         '#', 'admin', '2018-03-16 11-33-00', 'ry', '2018-03-16 11-33-00', '部门管理菜单');
insert into sys_menu values('104',  '岗位管理', '1', '5', '/system/post',          '', 'C', '0', 'system:post:view',         '#', 'admin', '2018-03-16 11-33-00', 'ry', '2018-03-16 11-33-00', '岗位管理菜单');
insert into sys_menu values('105',  '字典管理', '1', '6', '/system/dict',          '', 'C', '0', 'system:dict:view',         '#', 'admin', '2018-03-16 11-33-00', 'ry', '2018-03-16 11-33-00', '字典管理菜单');
insert into sys_menu values('106',  '参数设置', '1', '7', '/system/config',        '', 'C', '0', 'system:config:view',       '#', 'admin', '2018-03-16 11-33-00', 'ry', '2018-03-16 11-33-00', '参数设置菜单');
insert into sys_menu values('107',  '通知公告', '1', '8', '/system/notice',        '', 'C', '0', 'system:notice:view',       '#', 'admin', '2018-03-16 11-33-00', 'ry', '2018-03-16 11-33-00', '通知公告菜单');
insert into sys_menu values('108',  '日志管理', '1', '9', '#',                     '', 'M', '0', '',                         '#', 'admin', '2018-03-16 11-33-00', 'ry', '2018-03-16 11-33-00', '日志管理菜单');
insert into sys_menu values('109',  '在线用户', '2', '1', '/monitor/online',       '', 'C', '0', 'monitor:online:view',      '#', 'admin', '2018-03-16 11-33-00', 'ry', '2018-03-16 11-33-00', '在线用户菜单');
insert into sys_menu values('110',  '定时任务', '2', '2', '/monitor/job',          '', 'C', '0', 'monitor:job:view',         '#', 'admin', '2018-03-16 11-33-00', 'ry', '2018-03-16 11-33-00', '定时任务菜单');
insert into sys_menu values('111',  '数据监控', '2', '3', '/monitor/data',         '', 'C', '0', 'monitor:data:view',        '#', 'admin', '2018-03-16 11-33-00', 'ry', '2018-03-16 11-33-00', '数据监控菜单');
insert into sys_menu values('112',  '服务监控', '2', '3', '/monitor/server',       '', 'C', '0', 'monitor:server:view',      '#', 'admin', '2018-03-16 11-33-00', 'ry', '2018-03-16 11-33-00', '服务监控菜单');
insert into sys_menu values('113',  '表单构建', '3', '1', '/tool/build',           '', 'C', '0', 'tool:build:view',          '#', 'admin', '2018-03-16 11-33-00', 'ry', '2018-03-16 11-33-00', '表单构建菜单');
insert into sys_menu values('114',  '代码生成', '3', '2', '/tool/gen',             '', 'C', '0', 'tool:gen:view',            '#', 'admin', '2018-03-16 11-33-00', 'ry', '2018-03-16 11-33-00', '代码生成菜单');
insert into sys_menu values('115',  '系统接口', '3', '3', '/tool/swagger',         '', 'C', '0', 'tool:swagger:view',        '#', 'admin', '2018-03-16 11-33-00', 'ry', '2018-03-16 11-33-00', '系统接口菜单');
-- 三级菜单
insert into sys_menu values('500',  '操作日志', '108', '1', '/monitor/operlog',    '', 'C', '0', 'monitor:operlog:view',     '#', 'admin', '2018-03-16 11-33-00', 'ry', '2018-03-16 11-33-00', '操作日志菜单');
insert into sys_menu values('501',  '登录日志', '108', '2', '/monitor/logininfor', '', 'C', '0', 'monitor:logininfor:view',  '#', 'admin', '2018-03-16 11-33-00', 'ry', '2018-03-16 11-33-00', '登录日志菜单');

-- ----------------------------
-- 用户和角色关联表  用户N-1角色
-- ----------------------------
drop table if exists sys_user_role;
create table sys_user_role (
  user_id   bigint(20) not null comment '用户ID',
  role_id   bigint(20) not null comment '角色ID',
  primary key(user_id, role_id)
) engine=innodb comment = '用户和角色关联表';

-- ----------------------------
-- 初始化-用户和角色关联表数据
-- ----------------------------
insert into sys_user_role values ('1', '1');
insert into sys_user_role values ('2', '2');
-- ----------------------------
-- 7、角色和菜单关联表  角色1-N菜单
-- ----------------------------
drop table if exists sys_role_menu;
create table sys_role_menu (
  role_id   bigint(20) not null comment '角色ID',
  menu_id   bigint(20) not null comment '菜单ID',
  primary key(role_id, menu_id)
) engine=innodb comment = '角色和菜单关联表';

-- ----------------------------
-- 初始化-角色和菜单关联表数据
-- ----------------------------
insert into sys_role_menu values ('2', '1');
insert into sys_role_menu values ('2', '2');
insert into sys_role_menu values ('2', '3');
insert into sys_role_menu values ('2', '100');
insert into sys_role_menu values ('2', '101');
insert into sys_role_menu values ('2', '102');
insert into sys_role_menu values ('2', '103');
insert into sys_role_menu values ('2', '104');
insert into sys_role_menu values ('2', '105');
insert into sys_role_menu values ('2', '106');
insert into sys_role_menu values ('2', '107');
insert into sys_role_menu values ('2', '108');
insert into sys_role_menu values ('2', '109');
insert into sys_role_menu values ('2', '110');
insert into sys_role_menu values ('2', '111');
insert into sys_role_menu values ('2', '112');
insert into sys_role_menu values ('2', '113');
insert into sys_role_menu values ('2', '114');
insert into sys_role_menu values ('2', '115');
insert into sys_role_menu values ('2', '500');
insert into sys_role_menu values ('2', '501');
insert into sys_role_menu values ('2', '1000');
insert into sys_role_menu values ('2', '1001');
insert into sys_role_menu values ('2', '1002');
insert into sys_role_menu values ('2', '1003');
insert into sys_role_menu values ('2', '1004');
insert into sys_role_menu values ('2', '1005');
insert into sys_role_menu values ('2', '1006');
insert into sys_role_menu values ('2', '1007');
insert into sys_role_menu values ('2', '1008');
insert into sys_role_menu values ('2', '1009');
insert into sys_role_menu values ('2', '1010');
insert into sys_role_menu values ('2', '1011');
insert into sys_role_menu values ('2', '1012');
insert into sys_role_menu values ('2', '1013');
insert into sys_role_menu values ('2', '1014');
insert into sys_role_menu values ('2', '1015');
insert into sys_role_menu values ('2', '1016');
insert into sys_role_menu values ('2', '1017');
insert into sys_role_menu values ('2', '1018');
insert into sys_role_menu values ('2', '1019');
insert into sys_role_menu values ('2', '1020');
insert into sys_role_menu values ('2', '1021');
insert into sys_role_menu values ('2', '1022');
insert into sys_role_menu values ('2', '1023');
insert into sys_role_menu values ('2', '1024');
insert into sys_role_menu values ('2', '1025');
insert into sys_role_menu values ('2', '1026');
insert into sys_role_menu values ('2', '1027');
insert into sys_role_menu values ('2', '1028');
insert into sys_role_menu values ('2', '1029');
insert into sys_role_menu values ('2', '1030');
insert into sys_role_menu values ('2', '1031');
insert into sys_role_menu values ('2', '1032');
insert into sys_role_menu values ('2', '1033');
insert into sys_role_menu values ('2', '1034');
insert into sys_role_menu values ('2', '1035');
insert into sys_role_menu values ('2', '1036');
insert into sys_role_menu values ('2', '1037');
insert into sys_role_menu values ('2', '1038');
insert into sys_role_menu values ('2', '1039');
insert into sys_role_menu values ('2', '1040');
insert into sys_role_menu values ('2', '1041');
insert into sys_role_menu values ('2', '1042');
insert into sys_role_menu values ('2', '1043');
insert into sys_role_menu values ('2', '1044');
insert into sys_role_menu values ('2', '1045');
insert into sys_role_menu values ('2', '1046');
insert into sys_role_menu values ('2', '1047');
insert into sys_role_menu values ('2', '1048');
insert into sys_role_menu values ('2', '1049');
insert into sys_role_menu values ('2', '1050');
insert into sys_role_menu values ('2', '1051');
insert into sys_role_menu values ('2', '1052');
insert into sys_role_menu values ('2', '1053');
insert into sys_role_menu values ('2', '1054');
insert into sys_role_menu values ('2', '1055');
insert into sys_role_menu values ('2', '1056');
insert into sys_role_menu values ('2', '1057');
insert into sys_role_menu values ('2', '1058');
insert into sys_role_menu values ('2', '1059');
insert into sys_role_menu values ('2', '1060');
insert into sys_role_menu values ('2', '1061');
-- ----------------------------
-- 8、角色和部门关联表  角色1-N部门
-- ----------------------------
drop table if exists sys_role_dept;
create table sys_role_dept (
  role_id   bigint(20) not null comment '角色ID',
  dept_id   bigint(20) not null comment '部门ID',
  primary key(role_id, dept_id)
) engine=innodb comment = '角色和部门关联表';

-- ----------------------------
-- 初始化-角色和部门关联表数据
-- ----------------------------
insert into sys_role_dept values ('2', '100');
insert into sys_role_dept values ('2', '101');
insert into sys_role_dept values ('2', '105');